file_name,token_count,unknown_count,readability,unknown_words,text
output/texts/text_001.txt,0,0,100,[],
output/texts/text_002.txt,8,3,62,"['liltà', 'valbruna', 'riciputi']","I liltà Sommerso

(CONCA o VALBRUNA)

AROLDO RICIPUTI
"
output/texts/text_003.txt,0,0,100,[],
output/texts/text_004.txt,125,0,100,[],"Premessa

In un'epoca in cui le recenti scoperte e mo-
derne affermazioni scientifiche nel campo del-
l'astrofisica ed astronautica continuano a stu-
pire l’uomo con le ultime sbalorditive conquiste
spaziali che hanno permesso ai satelliti artifi-
ciali costruiti dall'uomo di circumnavigare la
Luna, creando un'atmosfera di fascino e di fan-
tasia attorno a queste realizzazioni del progresso
moderno, teso a svelare la composizione e la
origine stessa dell'entità cosmica, lo studio
delle cose antiche, delle civiltà che furono,
continua ad esercitare sull'uomo un fascino
altrettanto sentito ed avvincente.

Nonostante in molti casi le conquiste della
scienza abbiano largamente superato la fanta-
sia avveniristica di uomini ritenuti fino a ieri
visionari e che fra breve sarà difficile distin-
guere fra le imprese dei romanzi di fantascienza
"
output/texts/text_005.txt,171,1,99,['valbruna'],"e la realtà, dato che i viaggi dei moderni mezzi
interplanetari se hanno del temerario non han-
no più dell’assurdo, è altrettanto vero che le
scoperte archeologiche con i loro lunghi viaggi
a ritroso attraverso i secoli continuano a con-
servare immutato un interesse che li rende
seducenti come i primi; infatti come quel-
li celano una misteriosa incognita che, l’uo-
mo nella sua sete insaziabile di sapere, trova
simile ad una fonte inesauribile, atta a tenere
desta la sua inestinguibile curiosità.

Ove, poi, la storia e l’antichità si ammanta-
no di fantasia e leggende popolari, l’attrattiva
aumenta a dismisura come gli spazi cosmici ed
il mistero diventa più fitto ed interessante.

Questo è il caso di Conca o Valbruna, la
Città Sommersa, su cui il mare molti secoli

fa ha steso le sue acque come una tragica
Atlantide. i

Sin dai tempi più antichi, gli studiosi si sono
interessati alla storia della Città Sommersa e

si riferiscono spesso a questa nei loro scritti e
nelle cronache di secoli passati, nonostante le

"
output/texts/text_006.txt,166,3,98,"['tutt', 'pervenuteci', 'mà']","fonti alle quali poter attingere fossero già da
allora scarse; comunque, anche queste notizie

incomplete presentarono certamente un quadro
di attendibilità storica altrimenti non si spie-
gherebbe l’interesse che esercitarono sugli stu-
diosi che effettuarono le ricerche di cui ci è
giunta notizia. L’insuccesso dei predetti uomini
di studio nel reperire le notizie ed i fatti atti a
colmare le lacune tutt’oggi esistenti non infir-
mano certamente l’attendibilità storica dell’og-
getto delle loro indagini.

Le notizie pervenuteci, infatti, non sono gre-
mite di fatti ed a volte sono prive di fili con-
duttori geografici e cronologici, mà a questi si
sostituiscono idee e ragioni che oltre escludere
un irrigidimento di giudizio offrono uno stru-
mento di stimolo atto a rendere più interes-
sante ed efficace una più approfondita esplora-
zione dell'argomento. Del resto, l'archeologia è
spesso come un « puzzle », cioè lo studio di in-
dizi ed elementi minuti che servono a decifrare
gli enigmi lasciati dalla storia e nascosti sotto
secoli di polvere che spesso la leggenda con il
"
output/texts/text_007.txt,159,3,98,"['neb', 'bia', 'tramandandosi']","suo fiato popolare solleva per formare una neb-

bia che tramandandosi di generazione in gene-

razione rende più difficile la ricerca e la ricom-
posizione del mosaico.

Ancor oggi non è stato possibile chiarire date
e fatti che riguardano popoli, città e civiltà che
pur sappiamo essere esistite, ma di cui ignoria-
mo molti particolari e dettagli fondamentali per
stabilire il rispettivo grado di realtà storica.

Questo è il caso, per esempio, del popolo
etrusco, del quale ignoriamo ancora la scrit-
tura, pur non sussistendo più alcun dubbio
sulla sua esistenza e realtà storica, mentre il
caso fortuito del ritrovamento della pietra” di
Rosetta in Egitto, da parte delle truppe napo-
leoniche, ha permesso di decifrare nell’anno
1799, dopo secoli di infruttuose ricerche e studi,
i segreti di una scrittura rimasta fino allora
sconosciuta.

Forse un giorno lo stesso miracolo potrà
improvvisamente verificarsi per la Città Som-
mersa ed allora ogni dubbio residuo che cir-
conda le sue origini e la sua ubicazione potrà

"
output/texts/text_008.txt,158,8,94,"['verificatosi', 'ef', 'fetti', 'avallamenti', '—', '—', 'grand', 'avallamenti']","essere agevolmente rimosso.

Come sempre verificatosi in casi analoghi,
le campagne archeologiche condotte per rin-
tracciare il materiale atto ad avvalorare le tesi
ed ipotesi più disparate che circondano i mi-
steri delle città sommerse, raramente hanno
permesso di reperire materiale in istato di suffi-
ciente conservazione per stabilire con esattezza
gli elementi e fattori storici che le riguardano,
e ciò invariabilmente come conseguenza delle

condizioni ambientali negative in cui veniva a

trovarsi il materiale stesso, sottoposto agli ef-

fetti erosivi e distruttivi delle acque salmastre.

L'acqua è stata una delle maggiori forze di-
struttive della natura sin dalle origini della
creazione della terra; fu essa, infatti, a dare
l’attuale fisionomia, tuttora mutevole per causa
sua, alla crosta terrestre. Con la sua forza è
riuscita a scavare avallamenti giganteschi, co-
me — ad esempio — quelli del Grand Canyon
nel Nord-America, ove in certi punti detti aval-
lamenti raggiungono una larghezza di venti chi-
lometri ed una profondità di dodici; dalle ca-

"
output/texts/text_009.txt,170,3,98,"['scate', 'cambiandone', 'sfigurandone']","scate del Niagara fa udire la sua possente voce,
mentre la sua linfa scorre negli immensi letti
di fiumi, che forgiarono la storia di continenti
interi, come il Nilo, il Mississippi, il Rio delle
Amazzoni ed i cieli ed i mari hanno deciso e
continuano a decidere della sopravvivenza di
razze intere e del loro diritto di alimentarsi.
Come una mano ciclopica, dalle dita affilate co-
me gigantesche lame, la sua forza ha modellato
monti, scavato valli, invaso continenti, sommer-
so terre; sotto forma di pioggia, di mari, di cor-
renti, di oceani, sorgenti, ghiacciai, fiumi, ca-
scate, ruscelli o tempestosi torrenti essa è inter-
venuta nei secoli per incidere la crosta terre-
stre, mutandone il volto. cambiandone l’aspet-
to, scavando nuove rughe, sfigurandone il pro-
filo.

Se è disposta a dispensare con magnanimità
i suoi benefici, non tollera che l’uomo s'opponga
ad essa quando ha deciso di modificare l’archi-
tettura di cui ella stessa fu precedentemente

progettista ed artefice; la sua ira non conosce

ostacoli e la natura stessa che le dette i natali

"
output/texts/text_010.txt,176,3,98,"['perchè', 'perchè', 'superarli']","è vittima e schiava dei suoi impeti di ribellione.

L'uomo, dunque, solo perchè spinto dalla sua
presunzione ed immodestia ha l’ardire di cimen-
tarsi con essa. L’ira dell’acqua può distruggere
in un attimo tutto ciò che l'uomo ha creato at-
traverso secoli di paziente lavoro. Ciò non to-
glie, comunque, che il destino dell’uomo
debba arrestarsi di fronte alle condizioni av-
verse della terra che lo ospita, perchè ciò signi-
ficherebbe l'abbandono della vita in un gretto
fatalismo che l’intelletto respinge come contra-
rio alla missione alla quale il genere umano fu
votato.

L'uomo deve insistere nella sua opera di di-
fesa dalle avversità della natura per lo stesso
motivo che insiste nel suo sforzo per la conser-
vazione della vita di fronte all’ineluttabilità del-
la morte; del resto, anche nella sua presunzio-
ne, solo l’uomo è grande abbastanza per affron-
tare la immensità della natura e se la sua mano
non riuscirà ad ancorare al suo volere gli cle-
menti della natura è certo che il suo spirito sa-
prà superarli nell’ascesa verso il Supremo Crea-
"
output/texts/text_011.txt,146,3,97,"['tore', 'anonimità', 'talchè']","tore dal quale essi dipendono.

I detriti che scendono al mare dai fiumi e
torrenti, una volta sottoposti all’azione erosiva
e corrosiva delle acque salse e delle correnti, si
trasformano gradatamente in sabbia e ordina-
riamente la sabbia si trasforma, nel tempo, in
particelle sempre più minuscole per divenire
fanghiglia e successivamente disperdersi nella
vasta anonimità del mare; è evidente, quindi,
che un eguale processo di erosione abbia pro-
vocato la distruzione dei resti della Città Som-
mersa, talchè le poche traccie rimaste si sono
talmente logorate e mimetizzate con il fondale
marino e le rocce subacquee presenti nella zona
in esame, che oggi riesce difficile distinguere le
une dalle altre.

In definitiva è certo, comunque, che lo stu-
dio della polvere cosmica interessi l’uomo in mi-
sura pari allo studio della polvere dei millenni

che ricopre le vestigia che testimoniano delle

sue origini; all'uomo, infatti, interessa sapere

"
output/texts/text_012.txt,107,5,95,"['perchè', 'extraterrene', 'crò', 'magnon', 'ragionî']","certamente come e dove si concluderà il destino
della sua specie, ma gli interessa conoscere nella
stessa misura il luogo ed il perchè delle sue
origini.

Le supposizioni sulla esistenza delle razze
extraterrene ed ultraterrene esercitano un fa-
scino pari alle supposizioni sull’esistenza ed il
grado di civiltà raggiunto dai popoli preistorici.

L'uomo di Neanderthal e di Crò-Magnon non
perdono nulla del loro fascino di fronte alle pos-
sibilità che esistano i marziani.

Del resto l'umanità ha assoluto bisogno di

ritornare al passato, alla ricerca delle sue ori-
gini, per poter chiarire le ragionî storiche che
condizionano i problemi attuali e futuri dell’u-
manità.

L'AUTORE

"
output/texts/text_013.txt,14,7,50,"['®', '[a', '©', 'u=]', '®', '&', 'èi']","®
d
[a
©
U=]
E
s
®
S
e
2
è
&
(èi

"
output/texts/text_014.txt,136,4,97,"['gabicce', 'gradara', 'ponendosi', 'tavollo']","La Città Sommersa

La città di Cattolica si adagia sonnolenta su
una rada, ricca di terre ubertose e di una vege-
tazione fertile. Giace, riparata nel suo alveo
tranquillo, protetta verso Pesaro da una com-
patta formazione collinosa che si estende da
Gabicce Monte a Gradara; verso l’interno dalle
ultime appendici dei contrafforti appenninici ed
infine verso Rimini dal piccolo celle di Vici, che,
ponendosi improvvisamente dinanzi ad essa, le
impedisce di apparire come la estrema propag-
gine della vasta e fertile pianura padana.

Essa viene così a trovarsi in una posizione
incantevole, gelosamente custodita dalle mura
naturali dei monti, come un lembo di terra pri-
vilegiata. Sorge sulla sponda nord del torrente
Tavollo, un piccolo corso d’acqua che deve la
sua discreta celebrità al fatto di dividere l’Emi-
lia-Romagna dalle Marche e la provincia di For-

"
output/texts/text_015.txt,162,8,95,"['tavollo', 'valugola', 'gabicce', '0', 'crustumium', 'protolatine', 'crustunium', 'crustumerium']","lì, da quella di Pesaro sin dall'epoca romana.

L'abitato si snoda, con i suoi numerosi al-
berghi che svettano nell’azzurro del cielo, sul
magnifico litorale adriatico per una lunghezza
di due chilometri circa, e precisamente dalla
sponda del già nominato torrente Tavollo fino
al fiume Conca. Proprio di fronte, fra la foce
di questo fiume e l'antico porto granario roma-
no della Valugola, alle falde di Gabicce Monte,
in provincia di Pesaro, in mezzo al mare, sem-
bra doversi localizzare la scomparsa città di
Cattolica antica, sulla cui autenticità storica
appaiono ormai fugati gli ultimi dubbi e le ulti-
me riserve. E

Storicamente Cattolica. 0 Crustumium ha
origini antichissime e la sua fondazione si fa
risalire ad opera delle prime tribù protolatine
di italici, che ardirono spingersi fin sulla coste
settentrionali dell'Adriatico, in epoca antece-
dente le migrazioni degli osco-umbri; infatti,
per analogie etimologiche e toponimiche il no-
me di Crustunium ha la stessa origine di Cru-
stumerium nel Lazio, città sicuramente fondata
"
output/texts/text_016.txt,153,7,95,"['liburni', 'stanziò', 'gabicce', 'crustumium', 'subì', '<', 'crustumium']","da un gruppo etnico del tipo latino - siculo -
sicano.

Altri studiosi invece ritengono che la città
fosse fondata dai primi naviganti tessali e li-
burni, antichissimo popolo illirico che indub-
biamente si stanziò sulle coste adriatiche; an-
che in questo caso, in analogia con Numana, in
Provincia di Ancona, che sotto molti aspetti pre-
senta un curriculum storico simile a Gabicce, si
può affermare che Crustumium subì l'influenza
di vari gruppi etnici che si succedettero nel do-
minio della città; neolitici, elleni e romani, co-
me testimoniano i numerosi ritrovamenti di

<
materiale archeologico avvenuti nello specchio

d’acqua antistante le rispettive zone in que-
stione.

Greci e romani svolsero una florida attività
commerciale a Crustumium ed i loro traffici
riguardavano soprattutto il trasporto di vini ed
olii che venivano prodotti in larga misura nelle
zone dell’entroterra; centinaia di vasi oleari e
vinari di origine greco-romana sono stati rin-
venuti sul fondale del mare nella zona ove si

"
output/texts/text_017.txt,162,5,96,"['tutt', 'cattolicesi', 'gl', 'mazocchi', 'gabicce']","ritiene sia scomparsa la città di Conca e le ville

e i giardini privati di Cattolica sono tutt’oggi
riccamente ornati di queste preziose anfore,
come pure taluni musei della regione, come ad
esempio quello del vicino comune di Montelab-
bate in provincia di Pesaro, ove si trova un vaso
vinario della capacità di ben quattro ettolitri.

I cattolicesi moderni, totalmente assorbiti
dalla loro febbrile attività e dall’ansia di accre-
scere il prestigio internazionale della loro città
turistica, guardano con senso di gratitudine il
mare solcato dalle sottili e veloci imbarcazioni
cariche di villeggianti e dai motopescherecci che
trascinano faticosamente le reti e considerano
questo mare una inesauribile fonte di benessere
economico.

A nessuno per certo, viene mai in mente che
sotto quelle acque si nascondono gl’incerti ru-
deri di una meravigliosa città sotto il picco nel-
la zona « Mazocchi » di Gabicce Mare, all’estre-
mità di levante della Via Lungomare. Nessuno,
probabilmente, sulle tracce che appaiono così
nitide in tutta la loro straordinaria simmetria,

"
output/texts/text_018.txt,170,7,95,"['crustumium', 'valbruna', 'gabicce', 'cattolicesi', 'mata', 'diere', 'cauponae']","ha mai pensato di erigere con la fantasia, mura
possenti e sontuosi palazzi, dando ad essi la ipo-
tetica stabilità di immutabili fondamenta im-
maginarie.

Eppure questa fantastica città, di cui tanto
s'è parlato e si continua a parlare, è veramente
esistita. Molti le attribuiscono il nome di Conca,
altri di Crustumium, altri infine di Valbruna,
ma ciò che conta in definitiva è il fatto che essa
ormai appartiene alla storia e che Cattolica e
Gabicce ne sono le legittime eredi.

Certo fa un effetto strano pensare che in
tempi remoti, gli avi cattolicesi vivevano la

loro esistenza in quella straordinaria città ani-

mata da traffici, ove sulle acque antistanti sol-
cavano diere e triere greche, poliremi romane
ed in epoca successiva maone saracene. Ma è
proprio così; i loro avi passeggiavano sui viali,
oggi consunti dalla furia violenta delle onde, si-
mili ad Erinni infuriate, e dalla secolare corro-
sione della salsedine. Gli uomini si riunivano nei
templi per adorare gli dei e nelle « cauponae » i
commercianti trattavano l’acquisto di grano ed

"
output/texts/text_019.txt,156,4,97,"['crustumium', 'valbruna', 'castrum', 'concae']","olio. Tutto sembra così pieno di mistero, forse
per quel recondito fascino che ispira tutto ciò
che appartiene agli abissi del mare; tutto sem-
bra sepolto irrimediabilmente sotto l’impenetra-
bile cortina delle nebbie del passato.

A parte queste considerazioni che apparten-
gono senza dubbio al regno miracoloso e mi-
sterioso della fantasia, rimane il fatto inconte-
stabile che Cattolica antica, sotto i vari nomi di
Crustumium, Conca o Valbruna, è storicamente
esistita.

Sarebbe del resto una disquisizione pura-
mente accademica, voler stabilire il suo vero
nome con esattezza ; non è da trascurare il fatto
poi che l'incertezza delle fonti storiche porreb-
be inevitabilmente in imbarazzo l’autore che

volesse sviluppare una tesi nell’unico intento di

ricercare quale fosse per l'appunto il nome che
designava l'antica città di Cattolica.

Troviamo infatti in uno studio di E. Ros-
setti (!) una notizia secondo la quale il cardi-
nale Angelico, nel codice bavaro, parla di un
Castrum Concae, senza tuttavia far voce dell’u-

"
output/texts/text_020.txt,162,23,85,"['bicazione', 'tonini', 'castrum', 'concae', 'morciano', 'tonini', 'crustumium', 'poichè', 'crwstumium', 'tonini', 'fluminaque', 'sporgit', 'divertia', 'laevum', 'cecidere', 'latus', 'velaxque', 'metaurus', 'crustumiumque', 'rapax', 'punts', 'capis', 'tonini']","bicazione di esso. L'argomento vien trattato an-
che dal Tonini (2) il quale, entrando in una disa-
mina critica, sostiene l’ipotesi che il castello,
denominato Castrum Concae, non avesse niente
a che vedere con la Città di Conca e che si tro-
vasse invece più a monte, tra Morciano e Gem-
mano, nell’entroterra romagnolo.

In un’altra sua opera il Tonini (3) dimostra
che il fiume Conca anticamente veniva chiama-
to Crustumium, e a conferma delle sue convin-
zioni invoca l’autorità di Plinio, dicendo « ...ma
poichè si legge in Plinio, che nella divisione del-
l’Italia in undici regioni ideate da Augusto, l’ot-
tava avesse principio al fiume Crwstumium che
per unanime consentimento degli scrittori è la
Conca... ».

Sempre nella stessa opera, a sostegno di que-
sta tesi, il Tonini ci riferisce un passo del cele-
bre poeta latino Lucano (4):

Fluminaque in gemini sporgit divertia ponti
In laevum cecidere latus velaxque Metaurus

Crustumiumque rapax, et punts Capis Isauro;
Infine il Tonini, sempre nello stesso tomo, ci

"
output/texts/text_021.txt,164,7,95,"['peutingeriana', 'rubicon', 'resturum', 'crustumium', 'crustumium', 'snellizzò', 'valbruna']","ricorda che la Tavola Peutingeriana, cita come
confini del territorio riminese i due fiumi Ru-
bicon e Resturum (evidente corruzione di Cru-
stumium).

Le ricerche di questi emeriti studiosi, come
si nota, non chiariscono affatto il problema,
tuttavia esse hanno il merito di offrirci un indi-
rizzo molto attendibile ai fini della breve ana-
lisi che ci siamo proposti di intraprendere. In-
fatti se è vero che dalle succitate opere nulla di
positivo emerge per stabilire rigorosamente il
nome antico di Cattolica, se ne deve ugualmente
ammettere l'utilità, in quanto stante che anti-
camente si dava spesso alle città i nomi dei fiu-
mi che le attraversavano, si può con molta ap-
prossimazione argomentare che il nome di Cat-
tolica fosse in un primo tempo quello di Cru-
stumium, e successivamente, quando l’era mo-
derna snellizzò la classica lingua di quei tempi

introducendo il volgare, in quello di Conca. Ne

è da legarsi assolutamente alla leggenda l’ipo-
tesi che Cattolica fosse chiamata, a volte, anche
Valbruna, causa la fitta e scura vegetazione, che

"
output/texts/text_022.txt,5,0,100,[],"Carta d’ Italia (stampa antica)
"
output/texts/text_023.txt,2,1,50,['9°'],"Bagni) 9°

"
output/texts/text_024.txt,166,1,99,['gabicce'],"circondando la zona, la ricopriva.

Fatti questi brevi cenni, è d’uopo rivolgere
la nostra indagine al più importante problema
della esistenza storica della città sommersa,
prendendo le mosse dalle supposizioni relative
alla sua originaria ubicazione.

Molte ipotesi sono state avanzate in questo
senso, ma cronache di storici antichi e leggen-
de tramandate, come abbiamo già detto, tendo-
no ad avvalorare l’ipotesi che la città sommersa
originariamente sorgesse nell'attuale specchio
d’acqua tra il fiume Conca, che segna il confine
tra i Comuni di Cattolica e Misano Mare a po-
nente, ed il colle di Gabicce Monte a levante, a
poche decine di metri dall’attuale limite del
litorale.

Attraverso i secoli la leggenda e la storia si
sono alternate e confuse, ma sia dall'una che
dall’altra emerge chiara la certezza dell’esisten-
za della città sommersa; forse ormai l’unico
quesito rimasto da risolvere, non riguarda più
l’esistenza o meno dell'antica Conca, ma l’appu-
rare se i massi che si intravedono oggi sotto
"
output/texts/text_025.txt,157,10,93,"['formatosi', 'piattaformi', 'focara', 'valugola', 'crustumium', 'focara', 'casteldimezzo', 'gabicce', 'castellum', 'ligabitii']","la superficie dell’acqua nella zona ove si pre-
sume sorgesse Conca siano gli avanzi di un’an-
tica civiltà da identificarsi con quella degli abi-
tanti della Città Sommersa di Conca, oppure
semplici scogli naturali formatosi in seguito ai
fenomeni di erosione, caratteristici delle piatta-
forme litorali del mare adriatico.

Il Toschi, infatti, è dell'opinione che questi
blocchi non siano altro che «i residui di quelle
infilate di scogli caratteristiche, appunto, delle
piattaformi litorali di erosione che dovevano
costituire le « serre » sub-acquee limitanti l’an-
tico porto di Focara e Valugola, in provincia di
Pesaro ».

Al contrario, le testimonianze di numerosi
storici di qualche secolo fa tendono tutte a sta-
bilire che i massi in questione siano in effetti i
resti dell'antica Crustumium.

La fantasia dei primi abitatori di queste
contrade, e cioè di Focara, Casteldimezzo e Ga-
bicce Monte (l'antica Castellum Ligabitii), in
provincia di Pesaro al confine con Cattolica, ha
tramandato ai posteri una leggenda, con una

"
output/texts/text_026.txt,163,8,95,"['casteldimezzo', 'gabicce', 'valugola', 'fiorì', 'gabicce', 'invaghitosî', 'sottrarlo', 'strapparne']","tessitura di origine mitologica, che pone i fatti
in un ambiente di epoca pagana.

Casteldimezzo e Gabicce Monte (in provin-
cia di Pesaro) sorgono su due promontori divisi
da una insenatura, detta la Valugola, nella
quale e certo fiorì, prima un porto greco, poi
un porto romano di una certa importanza.

La leggenda vuole che in epoca remota, sulla
sommità di Gabicce Monte, sorgesse un ameno
paesetto con un sottosuolo ricco di giacimenti
auriferi ed una campagna circostante, ubertosa

e fertile, nota per i suoi grassi vigneti e per i
ricchi uliveti.

Nettuno, Dio dei mari, invaghitosî' di questo
grazioso paesetto, decise di sottrarlo ai mortali
per farne dono alle sirene ed ai tritoni che al-
bergavano in quelle vicine acque.

Una notte, dopo aver scatenato gli elementi
in suo potere, Nettuno provocò un maremoto
di proporzioni eccezionali e sollevò i marosi
fino alla sommità del monte per strapparne la
città che, infatti, scivolò dolcemente in mare.

La ricerca di analogie ci porta ad osservare

"
output/texts/text_027.txt,152,6,96,"['gabicce', 'paesetti', 'numanati', 'castellum', 'ligabitii', 'gabicce']","come Numana in provincia di Ancona, simil-
mente a Gabicce Monte, sorge su un colle, che
da un lato piomba direttamente nel mare, men-
tre dall'altro degrada verso il retroterra; en-
trambi questi paesetti collinosi hanno alle falde
un omonimo rivierasco nell’area di un’insena-
tura.

Numana, che fu stazione neolitica, (presso
il Museo archeologico delle Marche, in Ancona,
è esposta una grande testa di guerriero di ar-
caica arte picena rinvenuta a Numana), villag-
gio piceno, emporio commerciale ellenico, ed
infine municipio romano (i numanati partecipa-
rono nel 216 a. C. alla battaglia di Canne presso
Annibale), presenta molte analogie con l’antica
Castellum Ligabitii, che sorgeva sulla sommità
di Gabicce Monte e similmente a questa, come
più sopra chiarito, aveva un porticciuolo ed
un’omonima cittadina sul litorale; è certo che
Numana sia stata ripetutamente devastata da
terremoti e da frane.

E’ d'uopo ammettere che molti elementi
leggendari si sono introdotti nel contesto sto-

"
output/texts/text_028.txt,157,6,96,"['rico', 'gabicce', 'gabicce', 'fime', 'morici', 'salutarne']","rico e anzi a un certo punto ne hanno preso il
sopravvento. Ciò è così vero che gli abitanti di

Numana, come quelli di Gabicce, ricercarono
appunto la spiegazione del fenomeno tellurico
nella volontà e nei poteri soprannaturali, per

cui, come per Gabicce, la leggenda fu invocata
al fime di fornire una spiegazione del fenomeno.
Lo studioso Lionello Spada così raccolse la leg-
genda di Numana sommersa:

« Una regina (non meglio identificata) veleg-
giando nell'Adriatico, vide la bella città e ne
chiese il nome. ”’ E’ Numana la Superba ”, le fu
risposto. E la Regina dispose che la Superba
sarebbe stata per punizione ridotta ad un cu-
mulo di rovine ».

Il Giuseppe Morici racconta questa leggenda
con una variante:

«La Regina volle approdare nel porto di
Numana, ma, avendo la città rifiutato di salu-
tarne l’arrivo col festoso suono delle campane,
offesa ed irritata, la Sovrana fece dai suoi diroc-
care torri, case e templi facendone gettare le
macerie in mare.

"
output/texts/text_029.txt,164,5,96,"['gabicce', 'unghelli', '—', '—', 'furiosissimo']","Per questo nei giorni di tempesta, dai templi
sommersi s’innalza e si diffonde il suono dei
bronzi, che a ricordo della patita rovina, fan-
no udire lugubri rintocchi ».

Anche nel caso della leggenda di Gabicce
vien menzionata una Regina ed ai rintocchi
lugubri dei bronzi sommersi sono stati sosti-
tuiti i lamenti delle sirene addolorate.

Qualche studioso ritiene che Numana e Con-
ca siano scomparse nei flutti in seguito ad un
unico sconvolgimento tellurico avente l’epicen-
tro in un punto compreso tra la costa setten-
trionale adriatica e quella sud-orientale.

Cesare Romiti (5) riferisce che Numana de-
cadde in seguito a terremoti ed erosioni del
mare. A tal proposito scrive « ...fu asserito dal-
l’Unghelli e dal Saracini — senza che questi
dicessero donde hanno attinto la notizia — che
nel 558 un terremoto furiosissimo, venuto pres-
so le feste natalizie, ingoiò una gran parte di
Numana ». Scrive Lando Ferretti nella sua sto-
ria di Ancona, anch'egli però senza addurre do-
cumenti, che Numana nel 1292 o poco dopo, da

"
output/texts/text_030.txt,164,5,96,"['asprissimo', 'portonuovo', 'ix', 'decandenza', 'subìto']","un terremoto asprissimo fu di improvviso spro-
fondata, e nelle acque del vicino mare misera-
bilmente scomparsa. Queste tradizioni, anche se
non suffragate da dimostrazioni sicure, hanno
pure il loro peso, ed è certo probabile che Nu-
mana sia stata danneggiata da terremoti se si
pensa che anche Portonuovo a Numana così
vicina, in età non ben determinata, ma certo
nei primi anni del 1300, ebbe per qualche tem-
po a sopportare disastri di terremoti quasi quo-
tidiani. E quando Bonifacio IX nella Bolla del-
l’anno 1397, approvando che Numana, sotto-
messa ad Ancona, fosse dispensata da ogni tassa
o tributo, scriveva che la decandenza di Numa-
na aveva avuto inizio circa un secolo innanzi,
doveva avere il pensiero al terremoto del 1292
o di poco dopo.

Quindi per Numana, dopo un periodo di

notevole floridezza e splendore, succedette quel-

lo della decadenza. Infatti, dopo aver subìto un
saccheggio da parte dei Goti nel 553, qualche
anno dopo, e precisamente nel 558, come sopra
detto, fu semidistrutta da un terremoto che

"
output/texts/text_031.txt,176,12,93,"['gabicce', 'nonchè', 'tindari', 'tyndaris', 'lometri', 'oliveri', 'tindari', 'tyndaris', 'ac', 'eb', 'ac', '/']","durò « dieci giorni e dieci notti ». Può darsi che
i suoi coraggiosi abitanti abbiano in un tempo
successivo tentato di riportare la loro città al-
l'antico prestigio, ma un nuovo terremoto, scon-
volgendo nuovamente la loro terra nell’anno
1292, completò l’opera di distruzione. Alcuni
storici riferiscono che egual sorte ebbe a subire
Gabicce, nonchè la città di Conca; i precitati
studiosi arguiscono infatti, anche se ne manca
la documentazione relativa, che l’assestamento
sismico che provocò così gravi movimenti tel-
lurici, dovette per forza interessare tutta la fa-
scia costiera portante le stesse caratteristiche.

Ai fini della nostra indagine potrebbe essere
di somma utilità l'accertamento di analogie an-
che con la città di Tindari (Tyndaris) in Sicilia:

« Sulla costa settentrionale dell’isola, a 2 chi-
« lometri dalla stazione di Oliveri-Tindari, sulla
« linea Messina-Palermo, sorgeva sopra un colle
« l'antica Tyndaris, città fondata nel 396 a.C. da
« coloni greci. La distruzione di questa città eb-
« be inizio nel I secolo a.C. a causa di un forte
« terremoto che produsse una frana che trascinò

/
È
È

"
output/texts/text_032.txt,161,6,96,"['tyndaris', 'viii', 'mèta', 'alesina', 'tusa', 'quar']","« gran parte dell'abitato dal colle al sottostante
« mare. Ma il tramonto definitivo di Tyndaris,
« risale all'VIII secolo per opera dei Saraceni,
« che depredarono e distrussero quanto vi era
« rimasto.

« Gli avanzi più importanti finora messi in
«luce consistono in un tratto delle mura; nel
« teatro greco, capace di contenere circa 200
« spettatori; nella cosidetta Basilica romana;
« in due strade pavimentate (forse il decumano
« e il cardo) ed infine in una piccola necropoli.
« Sul posto dell’acropoli sorge da vari secoli un
« rinomato Santuario dedicato alla Madonna,

« mèta di pellegrinaggi. si

«I resti di edifici e di numerose iscrizioni,
« fra le quali si rinvenne la nota Tavola Alesina.
« Nel luogo ove si erge il diruto Castel di Tusa,
« presso la foce del fiume Aleso, sorgeva il quar-
« tiere marinaro della città, del quale rimangono
«i ruderi di terme romane ».
Potrebbe indubbiamente questa, apparire una
ipotesi ardita, volta a creare la storia fantastica
di luoghi mai esistiti, ma rimane sempre una

"
output/texts/text_033.txt,143,4,97,"['perchè', 'sufficentemente', 'senz', 'tramandandoci']","supposizione, validamente assistita dall’inconte-
stabile esistenza di ruderi sottomarini e dalla
tradizione.

Di questa tradizione troviamo confortanti
tracce nella testimonianza di alcuni autori. An-
zi a questo proposito ci sia consentito afferma-
re che le asserzioni di essi forse, sono rimaste
allo stadio di tradizione semplice, unicamente
perchè la letteratura e la critica storica non si
sono sufficentemente interessate dell’argomen-
to, tuttavia così affascinante; ora, purtroppo, le
ricerche sono più difficili, mentre nei tempi
lontani sarebbe stato senz'altro realizzabile un
attento e severo studio storico, che, traman-
dandoci un'ampia documentazione a nome di
una grande della storia, degna della massima fe-
de, fugherebbe oggi, ogni ombra di dubbio an-
che nei più increduli.

Noi però, come abbiamo ben fatto intende-
re precedentemente, riteniamo che nonostante
qualche evidente ed inevitabile lacuna, non si

possa ormai più dubitare dell’autenticità stori-

ca dell’identificazione di Cattolica con la città

"
output/texts/text_034.txt,172,4,97,"['gabicce', 'arimino', 'alberti', 'serpieri']","sommersa che storicamente risulta fondata dai
vicini abitanti di Gabicce antica.

A sostegno di questa convinzione, ci piace
citare qualche passo che riteniamo di grande
utilità e valore. Flavio Biondo (6), storico forli-
vese, parlando dell’opera di Pipino di Francia
dice testualmente: « ...questa contrada donò Pi-
pino alla Chiesa, e oltre di questa li donò anco-
ra Arimino e Conca, che si sommerse poi in ma-
re... ». Anche Leandro Alberti (7), in una sua
opera, fa un riferimento interessantissimo, e
precisamente « ...si arriva alla Cattolica, contra-

da di taverne per li viandanti, con assai forte
x

terra. Al lito del mare, essendo la marina quieta
e piacevole, si scorge in dette acque marine le
mura, con le sommità delle torri, e di altri edi-
fici della città di Conca, già molto tempo dal
mar sommersa ». Infine, Alessandro Serpieri (8)
descrivendo un terremoto, a un certo punto
rievoca le grandi catastrofi sismiche del passa-
to « ...un’altra città denominata Conca, posta
quasi in mezzo tra Pesaro e Rimini si è spro-
fondata. Il conte Domenico Paoli, che più volte

"
output/texts/text_035.txt,173,9,94,"['xii', 'perchè', 'arigone', 'marignano', 'inghiottì', 'gabicce', 'cattoli', 'gabicce', 'crustu']","nei suoi scritti fa cenno di questo fatto, osserva
che la sommersione di questa città non può al
più farsi risalire che agli ultimi anni del XII se-
colo, perchè di essa fa menzione il cardinal Ari-
gone, che viveva verso la metà di quel secolo. Il
Dottor Bianchi riferisce che per molto tempo,
quando il mare era tranquillo, vi vedevano ci-
me di due torri di quella città al disotto della
superficie delle acque ».

Carlo Vanni, in « Notizie storiche su S. Gio-
vanni in Marignano », fa risalire il terremoto
che inghiottì le due città di Gabicce e di Numa-
na, ad oltre tremila anni fa.

Studi e ricerche più recenti fanno invece
ritenere che la Città di Conca sia stata eretta
direttamente sul litorale e non sul monte; pro-
babilmente fu fondata a qualche decina di me-
tri in direzione del mare, in posizione ubicata

leggermente più a levante dell’odierna Cattoli-

ca e precisamente nello specchio d’acqua com-
preso tra i due speroni sotto ed a ponente di
Gabicce Monte.

Nella zona dove fu fondata l'antica Crustu-

"
output/texts/text_036.txt,168,9,94,"['mium', 'valugola', 'gabicce', 'casteldimezzo', '—', '—', 'gabicce', 'crustumium', 'valugola']","mium esisteva il porticciuolo naturale di Va-
lugola, protetto dai promontori di Gabicce Mon-
te e Casteldimezzo, che costituivano un riparo
naturale dai venti e dai marosi; presso questo
piccolo porto — ma sufficente al naviglio dell’e-
poca — dovevano affluire i prodotti del retroter-
ra per gli inevitabili scambi commerciali che si
svolgevano lungo le coste dell'Adriatico, per cui
il vicino e circostante litorale costituiva la sede
più adatta per favorire il sorgere di un abitato
ove gli uomini potessero dedicarsi sia ai traffici
marittimi come alla pesca.

In tutte le epoche, infatti, i paesi rivieraschi
sono sorti in prossimità di porti naturali, quin-
di è logico dedurre che se anche esisteva un
abitato più sviluppato e fiorente sul colle di
Gabicce Monte per la sua posizione salubre, a
valle doveva esistere pure un agglomerato di
« focolari » in grado di curare più adeguatamen-
te e direttamente i traffici e la pesca.

Il fiume Conca (Crustumium), situato a po-
nente della Valugola, dette quasi certamente
origine al nome della città sommersa, che in

"
output/texts/text_037.txt,164,8,95,"['|', 'ì', 'valbruna', 'fogara', 'gabicce', 'alberti', 'serpieri', 'adimari']","|
Ì

seguito fu nota anche come Valbruna, stante il
fatto che i terreni circostanti erano coperti di
folte sterpaglie, di fitti boschi ed acquitrini che
contribuivano a dare un aspetto tetro e depri-
mente alla zona.

Per quanto riguarda i resti dell'antica città
sommersa di cui stiamo trattando, l’erudito e
storico Biondo Flavio da Forlì (?), già da noi
citato, scrive che « ...sotto Fogara (presso Ga-
bicce Monte) verso Rimini è un vico chiamato
la Cattolica, presso il quale, quando il mare è
tranquillo, si vede più sotto l’acqua alcune mu-
ra e torri di una terra, che fu già inghiottita
dal mare, chiamata Conca ».

Del resto, nella nostra trattazione avevamo
già accennato a queste testimonianze citando
anche gli storici Leandro Alberti e Alessandro
Serpieri. A completamento menzioniamo il ri-
minese Raffaele Adimari, il quale riferiva che
nell’anno 1610 era ancora possibile vedere af-
fiorare dallo specchio d’acqua antistante al bor-
go di Cattolica i ruderi della città di Conca, ed
a tal proposito scriveva:

"
output/texts/text_038.txt,174,7,95,"['brazzo', 'delli', 'adimari', 'sott', 'adimari', 'brazza', 'bonazza']","« No resterò di dire una cosa degna e nota-
bile che è vicino a Cattolica, ma nel mare e cioè
dentro del mare e cioè la cima di una torre
quadra di tre passa incirca per ogni bada, che
si vede sopra l’acqua al tempo della secca al-
l'altezza di mezzo brazzo e questa dicono essere
delli edifici della città di Conca, sommersa nel
mare ».

Continuando l’Adimari (10) aggiungeva che
« ...li sommozzatori, che nuotando vanno sot-
t'acqua, dicono che si vede parte di nobilissimo
e bel palazzo con porte di marmo, ferrate di

ferro, statue grandi ed altri simili ornamenti ».

L’Adimari, inoltre, conferma di aver visto
la predetta torre con i propri occhi; infatti,
proseguendo, diceva: « Ho potuto congettura-
re con i miei propri occhi che il venerdì santo,
9 aprile 1610, mentre ne andassimo al mare a
far pescare una tratta da diporto, se bene a
quell’ora la cima di detta torre era sotto le
acque quasi mezza brazza, però si conosceva
benissimo per essere bonazza e le acque chiare
sopra ».

"
output/texts/text_039.txt,167,11,93,"['jano', 'planco', 'plurum', 'terrarum', 'jugera', 'crostomio', 'planco', 'geva', 'tavollo', 'gabicce', 'esi']","Le testimonianze degli storici che descris-
sero la città sommersa alcuni secoli fa non si
arrestano qui ed il fatto più interessante è che
nelle loro descrizioni vi sono infinite analogie
che dovrebbero escludere ogni possibilità di
dubbio sull’esistenza della città di Conca; il
fatto, inoltre, che taluni di questi eruditi furo-
no testimoni oculari dei fatti osservati e riferiti,
cancella ed annulla ogni e qualunque residua
possibilità di dubbio.

Il Jano Planco (!!), nel fare riferimento ad
una torre edificata per impedire gli sbarchi dei
pirati, precisa che « ...la torre distava dal mare
per un buon tratto (plurum terrarum jugera)
di terreno coltivato e che detta torre era bat-
tuta dalle onde e minacciata di subire la stessa
sorte toccata alla vicina città di Conca, anche
essa sommersa in mare presso la foce del Cro-
stomio ».

La torre a cui fa riferimento il Planco sor-

geva alla sinistra della foce del torrente Tavollo

(in provincia di Pesaro) che divide il comune di
Cattolica da quello di Gabicce; detta torre esi-

"
output/texts/text_040.txt,169,3,98,"['steva', 'gabicce', 'senz']","steva ancora nell’anno 1790.

Non possono sussistere, quindi, dubbi sulla
esistenza dell’antica città di Conca ed è altresì
da escludersi l’ipotesi che la città sia franata
in mare dal colle di Gabicce Monte; tale sup-
posizione è da relegare nel regno della pura leg-
genda per il semplice fatto che se fosse rovi-
nata da una tale altezza (metri 144) non sareb-
bero rimasti che dei cumuli informi di sassi e
di rovine, mentre gli storici e testimoni ocu-
lari invariabilmente fanno riferimento a mura,
torri, bei palazzi e grandi statue, apparente-

mente in buono stato di conservazione e senza

fare mai cenno a particolari e caratteristiche,
che indicassero che questi resti apparivano se-
midistrutti e severamente danneggiati, come
sarebbe stato senz'altro il caso se la città fosse
rovinata in mare da un'altezza di oltre 140
metri !

Nel fare riferimento alla torre nessuno de-
gli storici e testimoni oculari, infatti, fa notare
che detta torre non sia in posizione eretta ed
è pacifico che se la città fosse stata colpita da

"
output/texts/text_041.txt,166,2,98,"['cintarla', 'adimari']","movimento tellurico violento, mura, torri e pa-

lazzi sarebbero crollati in maniera completa,

mentre perfino i vasi vinari e oleari rinvenuti
recentemente, dopo tanti secoli passati, sono
giunti a noi in perfetto stato di conservazione.

Il Biondo da Forlì parla di « mura e torri »,
quindi la città doveva aver raggiunto un certo
grado di opulenza se si era ritenuto necessario
cintarla di mura e costruire delle torri di avvi-
stamento, che dovevano servire come punto di
riferimento ai naviganti e come torre d’avvista-
mento contro le incursioni del nemico da terra
e dal mare.

La torre, il nobilissimo bel palazzo, le porte
di marmo, le grandi statue e simili altri orna-
menti, descritti dallo storico Adimari, ci ripor-
tano in un ambiente e atmosfera dove il lusso
e l’arte erano ovviamente ben conosciuti.

Con gli scambi commerciali, probabilmente
sia i marmi che le statue furono portati dalla
Grecia, ma artisti e architetti greci furono in-
dubbiamente presenti nella stessa Conca per
dirigere i lavori di costruzione dei palazzi ed

"
output/texts/text_042.txt,151,5,96,"['ornarli', 'og', 'adimari', 'senz', '—']","ornarli.
Purtroppo il tempo, l'erosione e la corro-
sione dovuta all’azione delle acque salmastre

ha certamente distrutto in breve tempo gli og-

getti in ferro ed in bronzo laminato, quelli in
legno, come gli scheletri dei defunti e gli ogget-
ti del corredo funebre (collane, diademi, tazze.
ecc.) che venivano sepolti con le salme inumate
nella necropoli che certamente esisteva nelle vi-
cinanze.

L'ottimo stato in cui i « sommozzatori » ci-
tati dall’Adimari trovarono la città sommer-
sa, sembrano escludere perfino la possibilità di
un maremoto, che con l’impatto delle onde si-
smiche avrebbe senz'altro distrutto completa-
mente la città.

Il perfetto stato di conservazione dell’abita-
to fa pensare che l’avanzare delle acque de-
v’essere stato lento e progressivo, per cui l’abi-
tato può essere scomparso — non in seguito
ad un fenomeno naturale violento e catastrofi-
co, ma piuttosto in seguito al lavoro impercet-
tibile, ma, lento e continuo, di un fenomeno di

"
output/texts/text_043.txt,149,2,98,"['gabicce', 'adagiandosi']","erosione marina che provocò l'abbandono della
città.

La presenza dei numerosi vasi vinari ed
oleari conferma le pacifiche abitudini di queste
genti dedite al commercio, che probabilmente
disponevano di grandi magazzini per conservare
i prodotti ricavati dal lavoro della terra.

Non è da escludere che il fenomeno di ero-
sione si sia potuto accentuare in seguito al fra-
namento di un costone del colle di Gabicce, che
adagiandosi a levante dell’abitato abbia crea-
to un molo naturale che, con la formazione di
nuove correnti marine, abbia provocato uno
« scompenso » sul lato di ponente, per cui la ter-
raferma è stata gradatamente erosa; questo fe-
nomeno si può osservare anche oggi, quando per
motivi di difesa costiera si rende necessario co-
struire dei « pennelli » di cemento in mare.

A ponente di detti « pennelli » si verifica in-
variabilmente una diminuzione dell’arenile o

« scompenso », mentre a levante si determina

un graduale accrescimento o « compensazione »
del lido.

"
output/texts/text_044.txt,170,4,97,"['jano', 'planco', '<', 'lentissimi']","Non è inverosimile che Conca sia scompar-
sa sotto l’acqua in seguito ad un fenomeno al-
luvionale. Molti paesi vicini al delta del Po in
questi ultimi anni sono stati sommersi in se-
guito ad alluvioni e pare che anche in tempi an-
tichi, nella zona del delta padano, e vicino alle
valli di Comacchio, questi fenomeni di sommer-
sione di città, in seguito a violente alluvioni, non
siano stati infrequenti come riferisce lo stesso
storico Jano Planco.

Può darsi benissimo che in epoca antichis-
sima il fiume Conca sia stato molto più ricco

d’acqua e che forti precipitazioni atmosferiche
<

abbiano provocato alluvioni non dissimili da
quelle che si verificano lungo il Po.

Il fatto che coloro che poterono osservare la
Città Sommersa tre o quattro secoli fa, la descri-
vono concordemente come una città abbando-
nata, più che una città distrutta in seguito ad
avvenimenti di una certa violenza, fa supporre
che Conca sia scomparsa sotto le acque come
conseguenza di movimenti lentissimi cui vanno
soggetti i continenti e che si rendono più evi-

"
output/texts/text_045.txt,162,4,97,"['spiaggie', '—', '—', 'gabicce']","denti lungo le spiaggie dei mari. Questi movi:
menti di sommersione, generati da cause geoter-
miche, dovute al contrarsi del nucleo interno del
globo per il progressivo raffreddamento ed il
conseguente modellarsi della crosta terrestre,
compresa — naturalmente — quella sub-acquea,
possono aver determinato l’abbassamento della
città e la contemporanea invasione delle acque
che hanno costretto gli abitanti ad abbandonare
l'abitato ed i depositi ove erano custoditi i nu-
merosi vasi vinari ed oleari ritrovati sparsi nello
specchio d’acqua antistante la città sommersa
ed ivi trascinati dalle correnti marine.

La supposizione più attendibile resta co-
munque quella che la città sia stata sommersa
in seguito al costante fenomeno di erosione ca-
ratteristico della zona in esame e tuttora in
atto (anche se in forma meno evidente) e che si

può osservare subito al di là della darsena del
Porto-canale di Cattolica e Gabicce Mare a po-
che centinaia di metri a ponente della zona in

questione.
Tale fenomeno, inoltre, come sopra precisa-

"
output/texts/text_046.txt,160,4,97,"['amateurs', '2030', '<', 'gabicce']","to, può essere stato accelerato da franamenti in
mare dei promontori sovrastanti la zona, dando
luogo alla formazione di nuove correnti erosive
che concorsero ad affrettare l’opera di erosione
già in atto.

Una recente esplorazione della zona, com-
piuta da « amateurs » muniti di moderni mezzi
per la ripresa cinematografica subacquea tra-
smessa dalla Rai-Tv Italiana con il telegior-
nale delle 20.30 il 26-10-1959 ha dato risultati
positivi circa l'attendibilità delle supposizioni
sull’ubicazione della Città Sommersa con il ri-
trovamento di numerose anfore romane, ma

<
causa le acque torbide dovute alla stagione

avanzata (mese di ottobre) non è stato possi-
bile effettuare ricerche più accurate per de-
terminare se i massi che si intravedono sotto
la superficie dell'acqua da Gabicce Monte (quan-
do le acque sono eccezionalmente limpide) e
che risultano ordinati in maniera da identifi-
carsi con la planimetria di edifici e di isolati
urbani secondo i criteri urbanistici delle civiltà
più antiche, siano semplici scogli o avanzi di un

"
output/texts/text_047.txt,178,6,96,"['trovasi', 'gabicce', 'gabicce', 'pò', 'gabicce', 'quin']","antico abitato. La zona in questione trovasi a
poche decine di metri dal lido sotto lo strapiom-
bo all’inizio di Gabicce Monte sul versante di
ponente e quindi a circa m. 400 in linea d’aria
dal porto-canale di Cattolica e Gabicce Mare.

Le ricerche effettuate sino ad oggi, purtrop-
po, non hanno mai avuto carattere scientifico e
sono state condotte da appassionati di pesca su-
bacquea più che da studiosi specializzati in ma-
teria di ricerche archeologiche.

Le numerose città morte sparse un pò ovun-
que nel nostro Paese esercitano sempre un fa-
scino misterioso per il turista italiano e stra-
niero attratto dalle vestigia di una vita scom-
parsa per volere degli uomini o per eventi della
natura, che ha lasciato forti traccie nella storia
e nell’arte. Tranne le più celebri, molte di tali
città sono poco o per nulla conosciute e fra
queste la Città Sommersa continua a dormire
il suo sonno secolare indisturbata.

L’appurare se i massi che giacciono sul fon-
do del mare davanti a Cattolica e Gabicce Mare
siano gli avanzi di un’antica civiltà diviene quin-
"
output/texts/text_048.txt,0,0,100,[],
output/texts/text_049.txt,0,0,100,[],
output/texts/text_050.txt,16,0,100,[],"di una necessità turistica oltre ché culturale, che
potrebbe sortire risultati vantaggiosi anche agli
effetti reclamistici.
"
output/texts/text_051.txt,0,0,100,[],
output/texts/text_052.txt,131,4,96,"['gabicce', 'xv', 'trovasi', 'profodata']","Il Racconto di Pompilio

Ancor oggi gli abitanti di queste contrade si
tramandano le notizie lasciate in eredità dai pa-
dri circa l'enorme frana che in tempi remoti
precipitò in mare dalla sommità di Gabicce
Monte, formando un molo naturale che con il
tempo, data la sua composizione argillosa, si
sarebbe disciolto per divenire fanghiglia sotto
l’azione delle correnti marine. La frana, caden-
do a levante dell’abitato dell’antica Conca, già
minacciata dall’erosione, avrebbe affrettata la
scomparsa della città sotto l’acqua.

In una carta geografica che si fa risalire alla
fine del XV secolo (l'originale trovasi presso la
sede della Cassa di Risparmio di Pesaro), Conca
viene indicata come un lembo di terra circon-
data completamente dalle acque di fronte a
Cattolica con la dicitura: « Conca - città pro-
fodata ».

"
output/texts/text_053.txt,149,2,98,"['fanano', 'crostomio']","La leggenda vuole che il seguente « Raccon-
to » venisse alla luce in seguito al ritrovamento
di un’antica pergamena racchiusa in un'anfora
di fattura greco-romana, rinvenuta in una fossa

terragna alle falde della frazione « Fanano » in

provincia di Pesaro.

Secondo la leggenda, la pergamena fu cedu-
ta dal colono che la rinvenne, oltre due secoli
fa, al parroco di una vicina frazione ed in se-
guito a vari e successivi passaggi di proprietà
finì per andare completamente smarrita.

Il racconto di Pompilio.

... Le schiene curve lucide di sudore, gli uomi-
ni in fila tiravano con evidenti sforzi le robuste
corde alle estremità delle quali erano saldamen-
te legati dei solidi tronchi di pino, strettamente
uniti fra loro da altre funi, sui quali venivano,
trainati dei massi di pietra che il Consiglio
degli Anziani aveva fatto venire dalle vicine ca-
ve della valle del Crostomio.

Gli uomini erano a dorso nudo, i fianchi cin-

"
output/texts/text_054.txt,147,6,95,"['sommer', '‘', 'gere', 'cajo', 'temparius', 'perchè']","ti da leggeri perizoma, e soffrivano visibilmente
sotto i raggi infuocati del sole che dardeggiava
le schiene nude ; sembravano schiavi di un dispo-
tico Faraone, ma nel loro caso, il padrone ineso-
rabile che imponeva queste fatiche sovrumane
era il mare, la natura. Per difendersi dall’avan-
zare del mare, per proteggere le loro case e la
loro stessa vita dalla furia delle mareggiate do-
vevano affrettarsi a costruire una scogliera che
difendesse la loro città, minacciata dall'erosione
delle correnti marine, che serravano in un’ine-
sorabile morsa liquida i margini della città. L'ul-
tima mareggiata aveva minacciato di sommer-

‘

gere l’abitato...

L'anziano Cajo fungeva da « temparius » e

con voce stentorea, coordinava gli sforzi degli
uomini, perchè dall'azione unisona scaturissero
risultati più efficaci e validi, nella faticosa e len-
ta opera di spostamento dei massi verso il mare,
dove sarebbero stati collocati per formare una
scogliera di difesa.

"
output/texts/text_055.txt,139,3,97,"['cajo', 'perchè', 'domitio']","« Riposatevi ora, disse Cajo, e bevete a picco-
li sorsi acqua e aceto per smorzare l’arsura e per
rinvigorire il corpo, perchè nuove energie nasco-
no per affrontare quest’impari lotta contro il
mare che appare avido di vite umane ».

Gli uomini, più che sdraiarsi, caddero ebbri

di fatica al suolo ed incuranti dei saggi consigli

del vecchio bevvero avidamente dalle anfore che
le donne porgevano loro e versarono copiosa-
mente l’acqua sulle teste e le schiene arse, men-
tre il sudore salmastro, cadendo sulle labbra,
aumentava la sete.

Le donne, inginocchiate, cospargevano le
spalle ed i fianchi degli uomini di unguenti ed
olii per lenire il bruciore provocato dalle ferite
che le ruvide funi avevano scavato sui corpi.

« Domitio, speriamo che le divinità del mare
siano così benigne da concederci il tempo neces-
sario per condurre a termine le nostre fatiche

"
output/texts/text_056.txt,177,7,96,"['cajo', 'raccontaci', 'cimentarmi', 'allorchè', 'perchè', 'cajo', 'spiegarmi']","prima che nuove mareggiate tempestino il lido.
L'anno scorso il mare infuriato fu causa di mol-

ti danni, poiché distrusse tutti i magazzini di
cereali e non contento pretese il sacrificio di
molte vite umane ».

« Cajo, tu che sei più anziano di noi, raccon-
taci da quanto tempo dura questa lotta fra il ma-
re e gli abitanti della nostra città? Quando ero
fanciullo ricordo che di fronte alle nostre case
vi era un vasto arenile ove mi recavo per cimen-
tarmi nei ludi sportivi con gli altri fanciulli;
allorchè il mio volto cessò di essere glabro, quel
lido già non esisteva più, perchè il mare lo aveva
inghiottito ». la
Cajo alzò gli occhi e guardò la vasta distesa del
mare.

« In tenera età, il mare era a ottocento passi
da dove è oggi. Non so spiegarmi il motivo del
suo avanzamento; certo gli dei, che con i loro
cocchi trainati da grossi mostri marini si ser-
vono delle correnti marine per rendere più spe-
dito il loro viaggiare, ogni anno hanno trasferi-
to il loro passaggio sempre più in prossimità del-
"
output/texts/text_057.txt,167,2,98,"['averci', 'placarlo']","la nostra terra; evidentemente Nettuno deside-
ra che i confini del suo regno siano estesi, ma
per non irritare le divinità terrestri egli s’impos-
sessa in maniera subdola ed impercettibile dei
dominii terrestri. Quel che in tenera età sembrò
ai miei avi cosa trascurabile, nel tempo ha as-
sunto proporzioni allarmanti tanto che ignoro,
in verità, quale sarà il nostro destino su questo
amato lembo di terra.

E’ possibile che Nettuno non gradisca questa
nostra opposizione e resistenza alle sue mire;
d’altro canto noi abbiamo il dovere di difendere
questa terra che ci ha ospitati e nutriti per se-
coli, offrendoci i doni più pregiati delle sue vi-
scere. E’ probabile che le divinità marine pre-
tendano un compenso per averci concesso di
navigare sulle loro acque e per aver noi sottrat-
to dal grembo del mare copiosi pesci. Dovremo
offrire sacrifici al Dio Nettuno con l’intento di

placarlo e con la speranza che egli voglia essere

più benigno con la nostra terra.

Lo scorso anno le mareggiate furono di una

"
output/texts/text_058.txt,5,2,60,"['gabicce', 'gabicce']","Gabicce mare e Gabicce monte
"
output/texts/text_059.txt,2,0,100,[],"Anfore antiche

"
output/texts/text_060.txt,163,1,99,['perchè'],"violenza inaudita e molti miei parenti ed amici,
infermi ed in tarda età, non potendo fuggire pre-
cipitosamente di fronte all’incalzare impetuoso
delle onde, perirono miseramente tra i flutti.

I commercianti greci ai quali non fummo in
grado di consegnare le partite di grano, olio e
vino ordinate nel precedente viaggio, hanno
minacciato di interrompere gli scambi commer-
ciali con la nostra città, qualora noi non saremo
in grado di assolvere i nostri impegni. E’ com-
prensibile, perchè i commercianti greci non pos-
sono certamente assoggettarsi ad un lungo e pe-
ricoloso viaggio per poi ritornare in patria privi
delle merci per le quali ardirono affrontare il
viaggio stesso. Essi hanno fatto intendere che
se ciò avrà a ripetersi, saranno costretti ad an-
nullare i traffici con noi per dirigersi verso altri
lidi più sicuri e protetti dalle divinità marine.

Orsù, è tempo di riprendere la fatica; men-

tre voi riposavate ed io cianciavo il mare non si
è concesso ozio e con le molli e viscide gengive

"
output/texts/text_061.txt,155,1,99,['mostrarle'],"ha continuato a suggere instancabile nelle vi-
scere della terra ».

Aristide il Greco e Valerio s’alzarono per pri-
mi e cingendo i corpi con le grosse e ruvidi funi
incitavano i compagni a riprendere il lavoro.

Il mare nel suo lento progredire verso la

terra aveva ormai invasa la piazza ove sorgeva
il tempio a Giove; tronchi di pino erano stati
piantati nel fondo del mare in duplice fila a di-
stanza di un metro l’uno dall’altro e nell’inter-
capedine erano stati rovesciati centinaia di car-
ri di pietrisco, di ghiaia e terra argillosa con un
spesso strato alla sommità, ma il mare con la
sua furia aveva distrutto tutto ed i pochi tron-
chi rimasti contorti nei loro alveoli sottomarini
sembravano una chiostra irregolare di denti.
Il mare, avido, lambiva infatti la bocca con-
torta che aveva osato mostrarle i denti e con bra-
mose e frementi carezze palpeggiava i tronchi su-
perstiti che ancora si opponevano all’olocausto

"
output/texts/text_062.txt,142,3,97,"['—', '—', '=']","umano che agognava. La massa liquida guatava
la terra vicina e come un polipo ciclopico allun-
gava i liquidi tentacoli — senza fretta — in pa-
ziente attesa, sicura della preda ormai prossima.

Gli anziani avevano deciso di rafforzare i)

nuovo sbarramento di tronchi con una scogliera
antistante di solidi massi, nella speranza che
così potesse resistere al mare. Le palificate di
tronchi e la scogliera, si estendevano parallele
lungo tutto il fronte dell’abitato.

=

I marinai greci e gli abitanti della città, prov-
vedevano a caricare le navi da trasporto che era-
no venute dalla sponda opposta per ritirare il
vino, l’olio ed il grano che erano stati accumula-
ti nei vasti magazzini. I greci avevano in prece-
denza scaricato stoffe finemente intessute,
vasellame artisticamente lavorato, unguenti e
balsami pregiati, colori fenici per la tinta dei
tessuti, utensili ed armi che erano poi il prezzo

"
output/texts/text_063.txt,153,1,99,['salutarti'],"pattuito per l’acquisto delle derrate alimentari

che ora caricavano sulle loro navi.

Nelle osterie i più anziani discutevano di fu-
turi traffici e scambi commerciali, mentre offri-
vano agli ospiti greci l'’ambrato vino dei vicini
colli; le donne attingevano acqua ed accudivano
ai fuochi sui quali gli uomini arrostivano pesci,
dalle carni sapide e delicate, mentre su altri
cuocevano dei quarti interi di vitello.

Qualche giovane, preso dall’euforia dell’inso-
lito movimento, aveva ecceduto nelle libagioni
ed ora barcollante e con mosse goffe si aggirava
tra la folla seguito dagli schiamazzi dei fanciulli
e dal festoso abbaiare dei cani.

Nel tempio, i sacerdoti offrivano a Giove
coppe di vino dolcificato con miele, mentre sul-
le tolde delle navi, indovini greci interrogavano
le viscere degli animali sacrificati per offrire riti
propiziatori alle loro divinità per il viaggio di
ritorno.

..« Aristide, il tuo vecchio padre mi ha in-
caricato di salutarti e ti prega ancora una volta
"
output/texts/text_064.txt,197,5,97,"['perchè', 'perchè', 'perchè', 'spegnendosi', 'finchè']","di fare ritorno con noi alla terra natale, ove
sono i tuoi dei ed ove riposano le ossa dei tuoi
gloriosi antenati. Tuo padre dice che non ha bi-
sogno delle tue braccia perchè i tuoi fratelli,
nulla gli fanno mancare e provvedono gioiosi ad
esaudire ogni suo desiderio. Lamenta solo che il
suo vecchio cuore sente la mancanza del giovane

figliuolo errabondo ; egli ti prega di fare ritorno

perchè egli possa riversare su te l’affetto che ti
spetta e perchè la tua vicinanza gli riscaldi il
cuore che va spegnendosi man mano che la lin-
fa che tiene acceso il fuoco divino della vita va
abbandonando il suo vecchio corpo.

..« Capitano, ringrazia il vecchio padre del
suo gentile invito e degli affettuosi saluti e digli
che il sole non attraversa l’arco del cielo senza
che io non l’abbia ricordato più volte; né ho di-
menticato la terra che mi dette i natali ed ove
sul maestoso Olimpo dimorano gli onnipotenti
dei della Grecia. Il mio destino, però, è quello di
vagare e questo desiderio, sono certo, arderà
in me finchè il mio cuore reggerà la fatica delle
gambe. Va capitano e guida i tuoi uomini di

"
output/texts/text_065.txt,163,5,96,"['minac', 'cioso', 'lodea', 'finchè', 'oftrire']","nuovo ai lidi della mia patria amata e guida af-
fettuosamente nel cuore di mio padre il mio ri-
conoscente ricordo ».

« Alba, il mare è di nuovo gonfio e minac-

cioso e temo... ».

« Non temere, Lodea, l'argine ha resistito
ormai per due anni e gli dei degli inferi tengono
saldamente radicati con gli adunchi artigli i
tronchi ed i massi in mare che difendono le no-
stre case. Le divinità sotterranee contendono a
Nettuno il possesso della nostra città e la loro
tenace presa fa temere addirittura che essi vo-
gliano trascinare la nostra terra nei loro tene-
brosi domini. Non aver più alcun timore; anche
i nostri uomini sono ormai tranquilli e sereni e
da mesi e mesi non s’odono più parole di paura.
Il mare è divenuto benigno e finchè continuere-
mo ad oftrire copiosi sacrifici a Nettuno le sue
mire di conquista rimarranno assopite. Il freddo
è così intenso che il mare non sente alcun desi-
derio di uscire dal suo letto. Gli dei terrestri

"
output/texts/text_066.txt,150,2,98,"['cajo', 'unghiare']","inoltre ci sono propizi. Cajo, l'anziano, ha assi-
curato che non corriamo più alcun pericolo ».

La pioggia cadeva fitta da ormai dieci giorni
ed i torrenti, gonfi ed impetuosi fino all’invero-
simile, scendevano rabbiosamente verso il ma-
re, strappando nella loro folle corsa canne e
sterpaglie lungo gli argini. Il mare era cupo ed il
cielo pareva la volta degli inferi. Le onde, mas-
sicce e compatte, erano arrivate alle case.

La palificata e la scogliera resistevano agli
assalti dei marosi, ma si intravedevano solo
saltuariamente sotto la massa dell’acqua, quan-
do questa retrocedendo per prendere nuovo
slancio e vigore si abbassava per unghiare irosa
tutto ciò che trovava sul suo passaggio.

Lampi accecanti, simili a scheletri illumina-
ti da fuoco interno, squarciavano il buio della
notte.

Molte famiglie si erano già riparate sui vi-
cini colli; le donne, i bimbi ed i vecchi erano
stati i primi a partire. Molti uomini si erano
"
output/texts/text_067.txt,161,2,98,"['rovesciò', 'ognì']","rifiutati di abbandonare le case già invase dalle
acque e le spose di alcuni di essi si attardavano
nel vano sforzo di salvare le poche ricchezze do-
mestiche ancora risparmiate dalla voracità del
mare.

I più ostinati speravano che la palificata
resistesse alla furia del mare e dai tetti delle
loro case osservavano in muta attesa che il cata-
clisma avesse termine.

Improvvisamente un rombo sinistro e cupo
fece tremare per un breve istante la crosta ter-
restre e fu visto la sommità del colle rovesciare
in mare; subito dopo un’ondata più grossa delle
altre si rovesciò con violenza ciclopica sugli sco-
gli e la palificata e schiumando di rabbia si tra-
scinò dietro i tronchi divelti che in una frene-
tica e scomposta danza, penetrarono nelle vie,

nelle piazze e nelle case travolgendo ognì cosa

sul loro passaggio.

Fu visto un tronco acuminato infilzare un
cadavere e spinto dall'impeto delle successive
ondate, il tronco si sollevò per mostrare trion-
fante il suo macabro trofeo umano.

"
output/texts/text_068.txt,139,1,99,['cajo'],"Una colonna del tempio non resistette all’ur-
to massiccio dei tronchi e crollando trascinò
seco la volta del tempio che come il coperchio
di un sarcofago si chiuse inesorabilmente sui
cadaveri dei sacerdoti proni vicino alla statua
del loro dio, che sedeva decapitato sul suo tro-
no, testimone impotente e muto della vittoria
delle divinità marine.

Una folgore illuminò d'un tratto la sommità
della torre e come vermi aggrovigliati in un ul-
timo spasimo di bestiale terrore, un gruppo di
uomini precipitò nel mare sottostante seguito
da una scia di fuoco.

Il dodicesimo giorno, all’alba, il sole apparve

ad illuminare la tragedia nei suoi macabri con-
torni. Il mare, acquetato e sazio, lambiva stan-
camente i cadaveri che ondulando entravano ed
uscivano dai vani delle case; gli occhi sbarrati
erano rivolti al cielo.

..« Cajo, fortuna volle che tu salvassi la vita

"
output/texts/text_069.txt,130,5,96,"['salvandomi', 'perchè', 'nepoti', 'ritornerà', 'perchè']","fra tanti derelitti per poter ricostruire con i su-
perstiti la città sommersa sulla sommità del
colle. Tu sarai di guida ai figli di Conca, spro-
fondata miseramente nel mare e la tua saggezza
farà rifiorire le case, il tempio, la città ».

« Pompilio, la sorte mi fu più avversa che
benigna salvandomi la vita perchè avrei prefe-
rito perire con i miei diletti figli e nepoti, ma il
destino volle che un'onda mi gettasse sulla terra
ove i compagni superstiti mi rinvennero privo
di sensi. Noi abbiamo ricostruito la città di Con-
ca sulla sommità di questo colle, ma il destino
degli uomini è vicino il mare ed un giorno la
progenie ritornerà in prossimità del mare per-
chè Conca risorga dalle sue rovine più forte ed
orgogliosa che mai ».

Pompilio, schiavo e scriba

"
output/texts/text_070.txt,13,0,100,[],"INDICE

Premessa Pag. 5
La Città Sommersa » 17

Il Racconto di Pompilio » 55
"
output/texts/text_071.txt,0,0,100,[],
output/texts/text_072.txt,68,13,80,"['emicio', 'rosserti', 'lurci', 'tonini', 'lurci', 'tonini', 'ii', 'fravio', 'bronpo', 'lranpro', 'alberti', 'aressanpro', 'serpierri']","(1) Emicio Rosserti: La Romagna.

(2) Lurci Tonini: Storia di Rimini.

(3) Lurci Tonini: Rimini avanti il principio dell’era vol-
gare.

(4) Lucano: 1. b. II

(5) Cesare Rom: Guida - Ricordo di Numana, Osimo,
1927.

(6) Fravio Bronpo: Italia Illustrata, Venezia, 1958.
(7) Lranpro ALBERTI: Descrizione dell’Italia, Venezia, 1567.

(8) Aressanpro SerpIERrI: Sul terremoto avvenuto in Ita-
lia la notte dal 17 al 18 marzo 1875, Roma, 1875.
"
